{"count":1,"gauges":{"PenguinLearning.CumulativeReward":{"count":1,"max":7.28059626,"min":7.28059626,"value":7.28059626,"weightedAverage":7.28059626}},"self":75.6118528,"total":75.7591168,"children":{"AgentSendState":{"count":3774,"self":0.050976,"total":0.058892099999999996,"children":{"CollectObservations":{"count":755,"self":0.0079160999999999988,"total":0.0079160999999999988,"children":null}}},"DecideAction":{"count":3774,"self":0.0176844,"total":0.0176844,"children":null},"AgentAct":{"count":3774,"self":0.069712299999999991,"total":0.069712299999999991,"children":null}}}